{"loss": [1.3838266134262085, 1.327128291130066, 1.2297968864440918, 1.1365357637405396, 1.0419834852218628, 0.9459851384162903, 0.8792436718940735, 0.8030390739440918, 0.7514556050300598, 0.68881756067276, 0.6414248943328857, 0.599396288394928, 0.5622109770774841, 0.531686544418335, 0.49965938925743103, 0.46935826539993286, 0.44134050607681274, 0.4210018515586853, 0.3948419988155365, 0.37667161226272583, 0.34629857540130615, 0.3328824043273926, 0.297036737203598, 0.29096129536628723, 0.2615596652030945, 0.2467622607946396, 0.22570130228996277, 0.2149651199579239, 0.1966550499200821, 0.1847679316997528, 0.16494379937648773, 0.1539299488067627, 0.13862687349319458, 0.12525074183940887, 0.11904603987932205, 0.10979544371366501, 0.09210094809532166, 0.08476588875055313, 0.07979331165552139, 0.06919313967227936, 0.06028851494193077, 0.05798109620809555, 0.05126475170254707, 0.04526495933532715, 0.044857218861579895, 0.03032965585589409, 0.03473088517785072, 0.03403909504413605, 0.02573082409799099, 0.025252223014831543, 0.021982088685035706, 0.021153641864657402, 0.022636152803897858, 0.02513924613595009, 0.02012023888528347, 0.014465161599218845, 0.013585535809397697, 0.021387580782175064, 0.011031691916286945, 0.009662955068051815, 0.020643580704927444, 0.016246365383267403, 0.020020736381411552, 0.011711961589753628, 0.014166475273668766, 0.009530024603009224, 0.012769629247486591, 0.011891908012330532, 0.01183269638568163, 0.012815102003514767, 0.010623753070831299, 0.010210828855633736, 0.015773819759488106, 0.007900113239884377, 0.011514401994645596, 0.0005630868254229426, 0.01650051772594452, 0.016541915014386177, 0.007313559763133526, 0.011205460876226425, 0.00028295040829107165, 0.014150611124932766, 0.013396537862718105, 0.00897318683564663, 0.0003516749129630625, 0.007054475601762533, 0.006455254275351763, 0.013091422617435455, 0.00033933078520931304, 0.017863087356090546, 8.66851260070689e-05], "acc": [0.2795266807079315, 0.44072338938713074, 0.5094887018203735, 0.5168564319610596, 0.5670908689498901, 0.5514623522758484, 0.5789238810539246, 0.607055127620697, 0.6258093118667603, 0.6436704397201538, 0.6709086894989014, 0.694128155708313, 0.712435781955719, 0.7180173993110657, 0.7372181415557861, 0.756195604801178, 0.7579817175865173, 0.7814244031906128, 0.7843268513679504, 0.7983924746513367, 0.8133512139320374, 0.8249609470367432, 0.8526456952095032, 0.8495199680328369, 0.8671578764915466, 0.8778745532035828, 0.8803304433822632, 0.8865818381309509, 0.8984148502349854, 0.9062290787696838, 0.9162759780883789, 0.9240902066230774, 0.9321277141571045, 0.939941942691803, 0.9388256072998047, 0.9432908892631531, 0.9537843465805054, 0.9575797915458679, 0.960258960723877, 0.9645010232925415, 0.9747711420059204, 0.9714221954345703, 0.9774503111839294, 0.9778968691825867, 0.9758874773979187, 0.987943708896637, 0.9823621511459351, 0.9854878187179565, 0.9872739315032959, 0.9872739315032959, 0.9895066022872925, 0.9890600442886353, 0.9861575961112976, 0.9863808751106262, 0.9899531006813049, 0.9935253262519836, 0.9941951036453247, 0.9895066022872925, 0.993302047252655, 0.9957579970359802, 0.9877204895019531, 0.9939718842506409, 0.9937486052513123, 0.9937486052513123, 0.9919624924659729, 0.9944183826446533, 0.993302047252655, 0.9919624924659729, 0.9950881600379944, 0.9930788278579712, 0.9928555488586426, 0.995311439037323, 0.9941951036453247, 0.9950881600379944, 0.9964277744293213, 1.0, 0.9928555488586426, 0.9957579970359802, 0.9964277744293213, 0.9946416616439819, 1.0, 0.9941951036453247, 0.9955347180366516, 0.9939718842506409, 1.0, 0.9968742728233337, 0.995311439037323, 0.9950881600379944, 1.0, 0.9944183826446533, 1.0], "auc": [0.5737951993942261, 0.7052890062332153, 0.7678534984588623, 0.7821148633956909, 0.8045170903205872, 0.8086520433425903, 0.8356857299804688, 0.8552196621894836, 0.866896390914917, 0.8826062679290771, 0.8956797122955322, 0.9073786735534668, 0.9146062731742859, 0.9225110411643982, 0.9290500283241272, 0.9376498460769653, 0.9426782131195068, 0.9494425058364868, 0.953318178653717, 0.9567984342575073, 0.9643439650535583, 0.9658166170120239, 0.9732477068901062, 0.9731544256210327, 0.9780744314193726, 0.9799569249153137, 0.9837967157363892, 0.9848645925521851, 0.9872859120368958, 0.9883981347084045, 0.9906420707702637, 0.992118775844574, 0.9934943914413452, 0.9947091341018677, 0.994740903377533, 0.9954054355621338, 0.9973040819168091, 0.9973363876342773, 0.9974069595336914, 0.9983566999435425, 0.9985546469688416, 0.9985930919647217, 0.9988929629325867, 0.9990953803062439, 0.9988892078399658, 0.9997003078460693, 0.9994206428527832, 0.9991707801818848, 0.999755859375, 0.9995293021202087, 0.9997205138206482, 0.9997876882553101, 0.9997517466545105, 0.9996248483657837, 0.9995043277740479, 0.999870777130127, 0.9995744228363037, 0.9995757341384888, 0.9999062418937683, 0.99981290102005, 0.9997738599777222, 0.998958945274353, 0.9984813332557678, 0.9997469186782837, 0.9991448521614075, 0.9998090863227844, 0.9993155002593994, 0.9999457597732544, 0.9994845390319824, 0.9990200996398926, 0.9997973442077637, 0.9989033341407776, 0.9981247782707214, 0.9999731183052063, 0.9992087483406067, 1.0, 0.9991678595542908, 0.9987257122993469, 0.9998349547386169, 0.9990683197975159, 0.9999999403953552, 0.9980167746543884, 0.9993544220924377, 0.9998607635498047, 1.0, 0.9992414116859436, 0.9999842047691345, 0.9995167255401611, 1.0, 0.9977276921272278, 1.0], "val_loss": [1.3671956062316895, 1.2666995525360107, 1.2434096336364746, 1.1646734476089478, 1.2372725009918213, 1.026549220085144, 1.117099642753601, 0.9562545418739319, 0.9455546140670776, 0.9575714468955994, 0.7989280819892883, 0.8465516567230225, 0.9496632218360901, 0.6843042969703674, 0.6407496929168701, 0.6029910445213318, 0.5633400678634644, 0.5613002777099609, 0.651347279548645, 0.5044921636581421, 0.46607768535614014, 0.7239581346511841, 0.47762659192085266, 0.4417169988155365, 0.6257166266441345, 0.49473515152931213, 0.478563129901886, 0.3515866994857788, 0.6479222774505615, 0.33815640211105347, 0.458526611328125, 0.38665831089019775, 0.2895011007785797, 0.2611211836338043, 0.2493007630109787, 0.2766433656215668, 0.6041774153709412, 0.2580013573169708, 0.19873207807540894, 0.16766950488090515, 0.1582866758108139, 0.14448948204517365, 0.14244835078716278, 0.13364297151565552, 0.14939239621162415, 0.1149190291762352, 0.10767906159162521, 0.10433017462491989, 0.0983286201953888, 0.09316553920507431, 0.08506973832845688, 0.0841255709528923, 0.08184222877025604, 0.11079423874616623, 0.08843458443880081, 0.07742476463317871, 0.07801604270935059, 0.07637451589107513, 0.07525940239429474, 0.0840514600276947, 0.08498039841651917, 0.07300388067960739, 0.075324647128582, 0.07036852836608887, 0.07073775678873062, 0.0671173483133316, 0.06483830511569977, 0.06627797335386276, 0.06224279850721359, 0.06511367857456207, 0.06244319677352905, 0.065619558095932, 0.06627592444419861, 0.0700160562992096, 0.07394979894161224, 0.06646628677845001, 0.06127890944480896, 0.06127724051475525, 0.06226233392953873, 0.08280658721923828, 0.05791979655623436, 0.05982174724340439, 0.060347266495227814, 0.08665114641189575, 0.058999501168727875, 0.058304835110902786, 0.05999400094151497, 0.0903654471039772, 0.0636097714304924, 0.0669916644692421, 0.06114942580461502],